{
  "tiers": {
    "tier_0": {
      "n": 30,
      "r2": -0.830619795878484,
      "rmse": 0.3812311001573278
    },
    "tier_1": {
      "n": 300,
      "r2": -0.6089316882031435,
      "rmse": 0.3795241724169442
    },
    "tier_2": {
      "n": 39,
      "r2": -0.6070088844476553,
      "rmse": 0.3765342585022483
    }
  },
  "hc3_tiered_violation_rates": {
    "tier_0": 1.0,
    "tier_1": 1.0,
    "tier_2": 0.8717948717948718
  }
}