{
  "n_test": 369,
  "metrics": {
    "r2": -0.6190527186754831,
    "rmse": 0.3793484560249184,
    "mae": 0.3727996591851781,
    "ljung_box_p": 0.5330158516758734,
    "ljung_box_Q": 4.114750722291075,
    "durbin_watson": 0.1025705028182824
  },
  "hc3_global_violation_rate": 0.23577235772357724
}